title,url,channel_name,channel_url,thumbnail_url,views,uploaded,description
[Hindi] Grand Finals Day 3 | iQOO BATTLEGROUNDS MOBILE INDIA SERIES 2021,https://www.youtube.com/watch?v=vXH1BhxVHFU,BATTLEGROUNDS MOBILE INDIA,https://www.youtube.com/c/BattlegroundsMobile_IN,https://i.ytimg.com/vi/vXH1BhxVHFU/hqdefault.jpg?sqp=-oaymwEcCPYBEIoBSFXyq4qpAw4IARUAAIhCGAFwAcABBg==&rs=AOn4CLADP04Po8hWVdZD7KVyRgTc8uzsZg,4.8M views,Streamed 19 hours ago,"Ready or not, they are coming for you. Get ready to Witness Greatness. Grand Finals Day 3 of the iQOO BATTLEGROUNDS MOBILE INDIA 2021 will decide the fate of many champions. üèÜüî• The journey..."
Surviving 99 YEARS As FRONT MAN in GTA 5,https://www.youtube.com/watch?v=yY8Ttt79Gtc,TheLoudDude,https://www.youtube.com/c/TheLoudDude,https://i.ytimg.com/vi/yY8Ttt79Gtc/hqdefault.jpg?sqp=-oaymwEcCPYBEIoBSFXyq4qpAw4IARUAAIhCGAFwAcABBg==&rs=AOn4CLC-cuXLBgsjUbC5HAY0B295Bt9Nxw,626K views,8 hours ago,"Surviving 99 YEARS As FRONT MAN in GTA 5 Surviving 99 YEARS As GHOST RIDER in GTA 5 Don't forget to leave a Like, Comment and Share FOLLOW, LIKE AND JOIN ME ON: Discord : https://discord.gg/N..."
School Bus With Cousins || Aditi Sharma,https://www.youtube.com/watch?v=CBugk4Ldj8s,Aditi Sharma,https://www.youtube.com/channel/UCD3ib30j29V1jgy4cPh_jxQ,https://i.ytimg.com/vi/CBugk4Ldj8s/hqdefault.jpg?sqp=-oaymwEcCPYBEIoBSFXyq4qpAw4IARUAAIhCGAFwAcABBg==&rs=AOn4CLCu_ZyF7PhZ0bhTkFmII6_7h4oRTQ,631K views,8 hours ago,School Bus With Cousins || Aditi Sharma SUBSCRIBE for more videos! Turn Notifications on and you will never miss a video again Thank you for watching! SOURCES: Script By: Aditi Sharma...
9 Cursed Minecraft mods data pack and textures,https://www.youtube.com/watch?v=10LgSY1FADs,MrGamerJay,https://www.youtube.com/c/MrGamerJay,https://i.ytimg.com/vi/10LgSY1FADs/hqdefault.jpg?sqp=-oaymwEcCPYBEIoBSFXyq4qpAw4IARUAAIhCGAFwAcABBg==&rs=AOn4CLAVWQhGe0WmR4yL2p6psk6rd8SFyA,458K views,8 hours ago,‚¨áÔ∏èDownload shown datapack/mods/texturepacks from here‚¨áÔ∏è https://discord.gg/WTaGMj8TJQ üëæ Discord: https://discord.com/invite/mrgamerjay üß° Instagram:https://www.instagram.c...
EK HI DIN MEIN SABKI PATANG KHATAM HO GAYI üò© !! I MAKARSANKRANTI VLOG I Rohit Zinjurke I Reactionboi,https://www.youtube.com/watch?v=QSfzLggOsv8,Rohit Zinjurke,https://www.youtube.com/c/RohitZinjurke,https://i.ytimg.com/vi/QSfzLggOsv8/hqdefault.jpg?sqp=-oaymwEcCPYBEIoBSFXyq4qpAw4IARUAAIhCGAFwAcABBg==&rs=AOn4CLBu30JxjM_qjZgkm3rDDqy3y-UXzQ,641K views,1 day ago,"Aapko Kounsa Part Accha Laga Vo Jarur Batana Comment Section Mein. MERE PYARE SUPPORTERS ‚ù§Ô∏è PYAR DIKHAO IS VIDEO KO :) #Rohitzinjurke #Reactionboi STAY TUNED FOR NEXT VLOG, NEW VLOGS ARE..."
[Hindi] Grand Finals Day 2 | iQOO BATTLEGROUNDS MOBILE INDIA SERIES 2021,https://www.youtube.com/watch?v=dTquUgdYXlo,BATTLEGROUNDS MOBILE INDIA,https://www.youtube.com/c/BattlegroundsMobile_IN,,4.8M views,Streamed 1 day ago,Join in and support your favorite team and be a part of their journey to the Grandness. Watch as they battle it out on the Battlegrounds for the trophy of iQOO BATTLEGROUNDS MOBILE INDIA 2021...
‡§∏‡§¨‡§∏‡•á ‡§¨‡§°‡§º‡§æ ‡§∞‡•â‡§ï‡•á‡§ü World's Biggest Rocket | Hindi Comedy | Pakau TV Channel,https://www.youtube.com/watch?v=Akxd0y8YVBI,Pakau TV channel,https://www.youtube.com/c/PakauTVchannel,,232K views,9 hours ago,"üëâ Instagram https://www.instagram.com/pakautvchannel üëç Facebook https://www.facebook.com/pakautv üëâ Twitter https://twitter.com/pakautv Artists Karan, Sachin, Naveen & Dolly #comedy..."
RUCHI KA MAUN ‡§∞‡•Ç‡§ö‡§ø ‡§ï‡§æ ‡§Æ‡•å‡§® | Family Comedy Short Movie | Ruchi and Piyush,https://www.youtube.com/watch?v=qDugMK9DskE,Ruchi and Piyush,https://www.youtube.com/c/RuchiandPiyush,,1.1M views,1 day ago,"Aaj Ruchi ne chamatkari hand pump ka paani pi liya aur phir uski aawaaz hi chali gayi. Aao dekhte hai phir kya hota hai !! We make family-friendly content, which the whole family can watch..."
MINECRAFT PARKOUR & SPEEDRUN,https://www.youtube.com/watch?v=0_pfdxgv3oA,Ujjwal,https://www.youtube.com/c/UjjwalGamer,,1.2M views,Streamed 21 hours ago,"MINECRAFT PARKOUR & SPEEDRUN Share, Support, Subscribe!!! Subscribe: http://bit.ly/ujjwalgamer Discord : https://bitly.com/ujjwaldiscord Youtube: https://www.youtube.com/c/TechnoGamerzOfficial..."
ü§® ‡§Ö‡§¨ Elon Musk ‡§¨‡•á‡§ö‡•á‡§Ç‡§ó‡•á Burgerüçî / Tesla entering the restaurant business? #shorts,https://www.youtube.com/shorts/OpGoGdt16jM,mr_shadab _72,https://www.youtube.com/c/mrshadab72,,2M views,3 days ago,ü§® ‡§Ö‡§¨ Elon Musk ‡§¨‡•á‡§ö‡•á‡§Ç‡§ó‡•á Burgerüçî / Tesla entering the restaurant business? #shorts #elonmusk #tesla #tesla_restaurants #motivation #shorts Note - All video on this channel...
