Title,URL,Channel Name,Channel Link,Thumbnail URL,Views,Uploaded,Description
USAüá∫üá∏ Vs JapanüáØüáµ Vs Chinaüá®üá≥ Vs IndiaüáÆüá≥~ Logical Reasoning #priyalkukreja #shorts #ytshorts,https://www.youtube.com/watch?v=1YnWLlwt8Vg,Priyal Kukreja,https://www.youtube.com/c/PriyalKukreja21,https://i.ytimg.com/vi/1YnWLlwt8Vg/hqdefault.jpg?sqp=-oaymwEcCPYBEIoBSFXyq4qpAw4IARUAAIhCGAFwAcABBg==&rs=AOn4CLDqFsBYqp5TdsjetdQhPhCODZ64Dw,12M views,1 day ago,
GETTING MARRIED? QNA 2022 | CARRYMINATI,https://www.youtube.com/watch?v=G6qLfTA2PFw,CarryMinati,https://www.youtube.com/c/AddictedA1,https://i.ytimg.com/vi/G6qLfTA2PFw/hqdefault.jpg?sqp=-oaymwEcCPYBEIoBSFXyq4qpAw4IARUAAIhCGAFwAcABBg==&rs=AOn4CLBA66TZkcCWR5aXuUcQEOztfEqCEQ,7.5M views,1 day ago,Get Exclusive Launch Offer on Arctic Fox DocVault on https://arcticfox.com/collections/mask CarryisLive : https://www.youtube.com/channel/UC0IW... Instagram‚ñ∫ https://www.instagram.com/carrymina...
Driving World's Smallest Tractors - Mini Tractors,https://www.youtube.com/watch?v=xUvaRcnN-E4,MR. INDIAN HACKER,https://www.youtube.com/c/MRINDIANHACKER,https://i.ytimg.com/vi/xUvaRcnN-E4/hqdefault.jpg?sqp=-oaymwEcCPYBEIoBSFXyq4qpAw4IARUAAIhCGAFwAcABBg==&rs=AOn4CLDrkZKlrdDTm4rUyczg46BOHel9bQ,3.5M views,1 day ago,Driving Mini Tractors In Mr indian hacker studio - meraa mini tractor Subscribe - Manoj Bhai Channel Link - Mr 0 Deswal https://www.youtube.com/channel/UCFVPdeubzLzCMwveKQ9Gnhg
‡§Ø‡•á ‡§ú‡§ó‡§π ‡§Æ‡§§ ‡§ú‡§æ‡§®‡§æ üò± #shorts #ytshorts,https://www.youtube.com/watch?v=XOt0-1m6EHA,Aman k Facts,https://www.youtube.com/c/Amankfactsofficial,https://i.ytimg.com/vi/XOt0-1m6EHA/hqdefault.jpg?sqp=-oaymwEcCPYBEIoBSFXyq4qpAw4IARUAAIhCGAFwAcABBg==&rs=AOn4CLCijvIj6eMEN74HsypvgELm8wWRRg,19M views,3 days ago,"‡§Ø‡•á ‡§ú‡§ó‡§π ‡§Æ‡§§ ‡§ú‡§æ‡§®‡§æ üò± #shorts #ytshorts #amankfacts #Shorts, #ytshorts, #youtubeshorts, #youtubeshortsindia, #short, #youtube_shorts_india, #viral_shorts, #trend, #trending,..."
"Teri Ada (Video) Kaushik-Guddu | Mohit Chauhan ft.Saumya U | Mohsin Khan, Shivangi Joshi | Kunaal V",https://www.youtube.com/watch?v=SHC4EhwnLLU,VYRLOriginals,https://www.youtube.com/c/VYRLOriginals,https://i.ytimg.com/vi/SHC4EhwnLLU/hqdefault.jpg?sqp=-oaymwEcCPYBEIoBSFXyq4qpAw4IARUAAIhCGAFwAcABBg==&rs=AOn4CLAMNQtHzhz6ulwwS2_RNTtTQ5UnXw,1.1M views,7 hours ago,VYRL Originals present Kaushi-Guddu's Teri Ada. Sung in the soulful voice of Mohit Chauhan and Saumya Upadhyay .The music video features India‚Äôs favourite onscreen jodi Mohsin Khan and Shivangi...
Dungara Durthi Radhiyala - Jignesh Kaviraj - 4K Video - Jigar Studio - Latest Gujarati Sad Song 2022,https://www.youtube.com/watch?v=Tg7rCZynumg,Jigar Studio,https://www.youtube.com/c/JigarStudio,,1.1M views,3 days ago,"Song Name: Dungara Durthi Radhiyala Singer: Jignesh Barot (Kaviraj) Lyrics: Ketan Barot Music Director: Vishal Vagheshwari, Sunil Vagheshwari Artists: Chhaya Thakor, Nirav Brahmbhatt D.O.P.:..."
Bacche ke sath prank hogyaüòÇ #shorts #comedy #chetanmonga,https://www.youtube.com/watch?v=EztJe5sRbPA,Chetan Monga Vlogs,https://www.youtube.com/c/ChetanMongaVlogs,,5.8M views,2 days ago,
Gangubai Kathiawadi | Jab Saiyaan | Sanjay Leela Bhansali | Alia Bhatt | Shreya Ghoshal | Shantanu M,https://www.youtube.com/watch?v=jJLP6P5QaGs,Saregama Music,https://www.youtube.com/c/SaregamaMusic,,25M views,2 days ago,"All cards on the table or cards up your sleeve. What does this game of love have in store for Gangubai? ""Jab Saiyaan"" composed by Sanjay Leela Bhansali, sung by Shreya Ghoshal and penned by..."
HE STUMBLED AND STILL FINISHED FIRST üò± #shorts,https://www.youtube.com/watch?v=9-VeMkXlBn0,SportsNation,https://www.youtube.com/c/SportsNationESPNfeatured,,7.3M views,19 hours ago,HE STUMBLED AND STILL FINISHED FIRST üò± #shorts (via @artur.prosport) ‚úîÔ∏èSubscribe to ESPN+ http://espnplus.com/youtube ‚úîÔ∏è Get the ESPN App: http://www.espn.com/espn/apps/espn ‚úîÔ∏èSubs...
Sharks Are Ready To Invest In Kapil's Show Uncensored | The Kapil Sharma Show | Shark Tank India,https://www.youtube.com/watch?v=aDLES13xde0,Kapil Sharma,https://www.youtube.com/c/KapilSharmaK9,,1.1M views,2 days ago,"#KapilSharma #SharkTankIndia #TheKapilSharmaShow Watch out for exclusive uncensored footage of ""The Kapil Sharma Show"" - Sharks Are Ready To Invest In Kapil's Show Uncensored. Sit back & enjoy...."
